{
  "weights": {
    "accuracy_weight": 0.5,
    "latency_weight": 0.3,
    "clean_energy_weight": 0.2
  },
  "model_weights": {
    "YOLOv10_N": [
      -0.07420410794193665, -0.010953814622933088, 0.025685838132428862,
      -0.07671912234413872
    ],
    "YOLOv10_S": [
      -0.07533741611365107, -0.013625273843884539, 0.02198346527519389,
      -0.02403040591622016
    ],
    "YOLOv10_M": [
      -0.09096231352985179, 0.0218604341536683, -0.14464595622024687,
      -0.040817856655644136
    ],
    "YOLOv10_B": [
      -0.0791425582028638, -0.014614755406567663, 0.018182283943157337,
      -0.0038800622312988023
    ],
    "YOLOv10_L": [
      -0.0800293721712903, -0.01607836598551697, 0.018174483358264108,
      0.0010602762436296206
    ],
    "YOLOv10_X": [
      -0.08178821268827557, -0.017427668406205108, 0.014074050129395095,
      0.011048726352361952
    ]
  },
  "charge_threshold": 0.0,
  "evaluation_stats": {
    "loss": 0.08399229137085609,
    "model_accuracy": 0.7632236776322368,
    "charge_accuracy": 0.9037096290370963,
    "overall_accuracy": 0.8334666533346665,
    "training_epochs": 86,
    "training_samples": 100000
  }
}
